section,item_name,pkt_in_box,mrp,current_wt,gst_rate,pcs
SNACK DIVISION,PotatoChips ClassicSalt Rs30(6L*10P*50G),60,30,50G,0.05,1
SNACK DIVISION,PotatoChips CreamOnion Rs30(6L*10P*50G),60,30,50G,0.05,1
SNACK DIVISION,PotatoChips MasalaPunch Rs30(6L*10P*50G),60,30,50G,0.05,1
SNACK DIVISION,PotatoChips SizzlingHot Rs30(6L*10P*50G),60,30,50G,0.05,1
SNACK DIVISION,PotatoChips SpicyMasti Rs30(6L*10P*50G),60,30,50G,0.05,1
SNACK DIVISION,PotatoChips TomatoPunch Rs30(6L*10P*50G),60,30,50G,0.05,1
SNACK DIVISION,PotatoChips ClassicSalt Rs20(60P*55G),60,20,55G,0.05,1
SNACK DIVISION,PotatoChips CreamOnion Rs20(60P*55G),60,20,55G,0.05,1
SNACK DIVISION,PotatoChips MasalaPunch Rs20(60P*55G),60,20,55G,0.05,1
SNACK DIVISION,PotatoChips TomatoPunch Rs20(60P*55G),60,20,55G,0.05,1
SNACK DIVISION,PotatoChips ClassicSalt Rs10(9L*10P*28G),90,10,28G,0.05,10
SNACK DIVISION,PotatoChips CreamOnion Rs10(9L*10P*28G),90,10,28G,0.05,10
SNACK DIVISION,PotatoChips MasalaPunch Rs10(9L*10P*28G),90,10,28G,0.05,10
SNACK DIVISION,PotatoChips SpicyMasti Rs10(9L*10P*28G),90,10,28G,0.05,10
SNACK DIVISION,PotatoChips TomatoPunch Rs10(9L*10P*28G),90,10,28G,0.05,10
SNACK DIVISION,PotatoChips ClassicSalt Rs5(13L*14P*13G),168,5,13G,0.05,14
SNACK DIVISION,PotatoChips CreamOnion Rs5(13L*14P*13G),168,5,13G,0.05,14
SNACK DIVISION,PotatoChips MasalaPunch Rs5(13L*14P*13G),168,5,13G,0.05,14
SNACK DIVISION,PotatoChips TomatoPunch Rs5(13L*14P*13G),168,5,13G,0.05,14
SNACK DIVISION,PotatoChips SpicyMasti Rs5(13L*14P*13G),168,5,13G,0.05,14
SNACK DIVISION,Charchare Mast Masala Rs30(60P*75G),60,30,80G,0.05,1
SNACK DIVISION,Charchare Mast Masala Rs20(60P*85G),60,20,85G,0.05,1
SNACK DIVISION,Charchare Tangy Tomato Rs20(60P*85G),60,20,85G,0.05,1
SNACK DIVISION,Charchare Mast Masala Rs10(9L*10P*42G),90,10,42G,0.05,10
SNACK DIVISION,Charchare Tangy Tomato Rs10(9L*10P*42G),90,10,42G,0.05,10
SNACK DIVISION,Charchare Mast Masala Rs5(12L*14P*20G),168,5,20G,0.05,14
SNACK DIVISION,Charchare Tangy Tomato Rs5(12L*14P*20G),168,5,20G,0.05,14
SNACK DIVISION,Pasta Rs10(9L*10P*34G),90,10,34G,0.05,10
SNACK DIVISION,Noodle Rs10(9L*10P*34G),90,10,34G,0.05,10
SNACK DIVISION,A To Z Rs5(12L*14P*18G),168,5,18G,0.05,14
SNACK DIVISION,Chiji Noodles Rs5(12L*14P*18G),168,5,18G,0.05,14
SNACK DIVISION,Jungle Masti Rs5(12L*14P*18G),168,5,18G,0.05,14
SNACK DIVISION,Moon Chips Rs5(12L*14P*18G),168,5,18G,0.05,14
SNACK DIVISION,Noodle Rs5(12L*14P*18G),168,5,18G,0.05,14
SNACK DIVISION,Pasta Rs5(12L*14P*17G),168,5,17G,0.05,14
SNACK DIVISION,Roll N Roll Rs5(12L*14P*18G),168,5,18G,0.05,14
SNACK DIVISION,Manchurian Fried Rice Rs5(12L*12P*18G),144,5,18G,0.05,12
SNACK DIVISION,Mintoze Baby Ring Rs5(12L*12P*18G),144,5,18G,0.05,12
SNACK DIVISION,Salted Pipe Rs5(12L*12P*18G),144,5,18G,0.05,12
SNACK DIVISION,Tomato Katori Rs5(12L*12P*18G),144,5,18G,0.05,12
SNACK DIVISION,Loopyz Rs5(12L*14P*18G),168,5,18G,0.05,14
SNACK DIVISION,Pizza Rs5(12L*14P*18G),168,5,18G,0.05,14
SNACK DIVISION,Puffcorn Rs5(12L*14P*16G),168,5,16G,0.05,14
SNACK DIVISION,Veg Biryani Rs5(13L*14P*18G),168,5,18G,0.05,14
SNACK DIVISION,Chilli Storm Rs5(12L*12P*18G),144,5,18G,0.05,12
SNACK DIVISION,Puff Hot Spicy Rs5(12L*12P*18G),144,5,18G,0.05,12
SNACK DIVISION,Ringo Star Tangy Tomato Rs5(12L*14P*11G),168,5,11G,0.05,14
SNACK DIVISION,Popcorn Butter Salted Rs20(6L*10P*48G),60,20,48G,0.05,1
SNACK DIVISION,Popcorn Butter Salted Rs10(9L*10P*24G),90,10,24G,0.05,10
SNACK DIVISION,Popcorn Butter Salted Rs5(13L*14P*12G),168,5,12G,0.05,14
NAMKEEN TINY,All in One Rs5(30L*12P*17G),360,5,17G,0.05,12
NAMKEEN TINY,Aloo Bhujia Rs5(30L*12P*20G),360,5,20G,0.05,12
NAMKEEN TINY,Bhujia Rs5(30L*12P*17G),360,5,17G,0.05,12
NAMKEEN TINY,Bombay Mix Rs5(30L*12P*20G),360,5,20G,0.05,12
NAMKEEN TINY,Chana Jor Garam Rs5(30L*12P*20G),360,5,20G,0.05,12
NAMKEEN TINY,Chatpati Dal Rs5(30L*12P*20G),360,5,20G,0.05,12
NAMKEEN TINY,Cocktail Mix Rs5(30L*12P*16G),360,5,16G,0.05,12
NAMKEEN TINY,Cornflakes Rs5(30L*12P*22G),360,5,22G,0.05,12
NAMKEEN TINY,Diet Mixture Rs5(30L*12P*20G),360,5,20G,0.05,12
NAMKEEN TINY,Gathiya Papdi Rs5(30L*12P*20G),360,5,20G,0.05,12
NAMKEEN TINY,Gathiya Rs5(30L*12P*20G),360,5,20G,0.05,12
NAMKEEN TINY,Hing Jeera Chana Rs5(30L*12P*17G),360,5,17G,0.05,12
NAMKEEN TINY,Jhalmuri Rs5(30L*12P*22G),360,5,22G,0.05,12
NAMKEEN TINY,Jhatpat Bhel Rs5(30L*12P*20G),360,5,20G,0.05,12
NAMKEEN TINY,Khatta Meetha Rs5(30L*12P*20G),360,5,20G,0.05,12
NAMKEEN TINY,Masala Murmura Rs5(30L*12P*22G),360,5,22G,0.05,12
NAMKEEN TINY,Mast Matar Rs5(30L*12P*17G),360,5,17G,0.05,12
NAMKEEN TINY,Moong Dal Rs5(30L*12P*15G),360,5,15G,0.05,12
NAMKEEN TINY,Navratan Mixture Rs5(30L*12P*20G),360,5,20G,0.05,12
NAMKEEN TINY,Punjabi Tadka Rs5(30L*12P*20G),360,5,20G,0.05,12
NAMKEEN TINY,Ratlami Sev Rs5(30L*12P*17G),360,5,17G,0.05,12
NAMKEEN TINY,Salted Peanuts Rs5(30L*12P*15G),360,5,15G,0.05,12
NAMKEEN TINY,Tasty Nuts Rs5(30L*12P*17G),360,5,17G,0.05,12
NAMKEEN TINY,Tikha Mitha Mix Rs5(30L*12P*20G),360,5,20G,0.05,12
NAMKEEN TINY,All in One Rs10(20L*10P*34G),200,10,34G,0.05,10
NAMKEEN TINY,Aloo Bhujia Rs10(20L*10P*40G),200,10,40G,0.05,10
NAMKEEN TINY,Bhujia Rs10(20L*10P*34G),200,10,34G,0.05,10
NAMKEEN TINY,Bombay Mix Rs10(20L*10P*40G),200,10,40G,0.05,10
NAMKEEN TINY,Boondi Masala Rs10(20L*10P*34G),200,10,34G,0.05,10
NAMKEEN TINY,Chatpati Dal Rs10(20L*10P*40G),200,10,40G,0.05,10
NAMKEEN TINY,Cocktail Mix Rs10(20L*10P*32G),200,10,32G,0.05,10
NAMKEEN TINY,Hing Jeera Chana Rs10(20L*10P*34G),200,10,34G,0.05,10
NAMKEEN TINY,Jhalmuri Rs10(20L*10P*44G),200,10,44G,0.05,10
NAMKEEN TINY,Jhatpat Bhel Rs10(20L*10P*40G),200,10,40G,0.05,10
NAMKEEN TINY,Kaju Mixture Rs10(20L*10P*22G),200,10,22G,0.05,10
NAMKEEN TINY,Khatta Meetha Rs10(20L*10P*40G),200,10,40G,0.05,10
NAMKEEN TINY,Mast Matar Rs10(20L*10P*34G),200,10,34G,0.05,10
NAMKEEN TINY,Moong Dal Rs10(20L*10P*30G),200,10,30G,0.05,10
NAMKEEN TINY,Navratan Mixture Rs10(20L*10P*40G),200,10,40G,0.05,10
NAMKEEN TINY,Panchratan Rs10(20L*10P*22G),200,10,22G,0.05,10
NAMKEEN TINY,Punjabi Tadka Rs10(20L*10P*40G),200,10,40G,0.05,10
NAMKEEN TINY,Salted Peanuts Rs10(20L*10P*30G),200,10,30G,0.05,10
NAMKEEN TINY,Tasty Nuts Rs10(20L*10P*34G),200,10,34G,0.05,10
NAMKEEN TINY,Tikha Mitha Mix Rs10(20L*10P*40G),200,10,40G,0.05,10
NAMKEEN TINY,All in One Rs20(12L*10P*65G),120,20,65G,0.05,10
NAMKEEN TINY,Aloo Bhujia Rs20(12L*10P*75G),120,20,75G,0.05,10
NAMKEEN TINY,Bhujia Rs20(12L*10P*65G),120,20,65G,0.05,10
NAMKEEN TINY,Jhatpat Bhel Rs20(12L*10P*75G),120,20,75G,0.05,10
NAMKEEN TINY,Khatta Meetha Rs20(12L*10P*75G),120,20,75G,0.05,10
NAMKEEN TINY,Moong Dal Rs20(12L*10P*60G),120,20,60G,0.05,10
NAMKEEN TINY,Navratan Mixture Rs20(12L*10P*75G),120,20,75G,0.05,10
NAMKEEN TINY,Punjabi Tadka Rs20(12L*10P*75G),120,20,75G,0.05,10
NAMKEEN TINY,Tasty Nuts Rs20(12L*10P*65G),120,20,65G,0.05,10
NAMKEEN FAMILY,All in One (60P*200G),60,60,200G,0.05,1
NAMKEEN FAMILY,Aloo Bhujia (60P*200G),60,55,200G,0.05,1
NAMKEEN FAMILY,Bhujia (60P*200G),60,60,200G,0.05,1
NAMKEEN FAMILY,Bombay Mix (60P*200G),60,55,200G,0.05,1
NAMKEEN FAMILY,Boondi Plain (60P*200G),60,60,200G,0.05,1
NAMKEEN FAMILY,Cornflakes Mixture (60P*200G),60,80,200G,0.05,1
NAMKEEN FAMILY,Chatpati Dal (60P*200G),60,55,200G,0.05,1
NAMKEEN FAMILY,Diet Chiwda (60P*200G),60,55,200G,0.05,1
NAMKEEN FAMILY,Diet Mixture (60P*200G),60,55,200G,0.05,1
NAMKEEN FAMILY,Kaju Mixture (60P*200G),60,100,200G,0.05,1
NAMKEEN FAMILY,Khatta Meetha (60P*200G),60,55,200G,0.05,1
NAMKEEN FAMILY,Malai Sev (60P*200G),60,60,200G,0.05,1
NAMKEEN FAMILY,Moong Dal (60P*200G),60,60,200G,0.05,1
NAMKEEN FAMILY,Navratan Mixture (60P*200G),60,55,200G,0.05,1
NAMKEEN FAMILY,Panchratan (60P*200G),60,100,200G,0.05,1
NAMKEEN FAMILY,Punjabi Tadka (60P*200G),60,55,200G,0.05,1
NAMKEEN FAMILY,Tasty Nuts (60P*200G),60,60,200G,0.05,1
NAMKEEN FAMILY,Tikha Mitha Mix (60P*200G),60,55,200G,0.05,1
NAMKEEN FAMILY,Aloo Bhujia (30P*400G),30,110,400G,0.05,1
NAMKEEN FAMILY,Bhujia (30P*400G),30,120,400G,0.05,1
NAMKEEN FAMILY,Bombay Mix (30P*400G),30,110,400G,0.05,1
NAMKEEN FAMILY,Kaju Mixture (30P*400G),30,200,400G,0.05,1
NAMKEEN FAMILY,Khatta Meetha (30P*400G),30,110,400G,0.05,1
NAMKEEN FAMILY,Malai Sev (30P*400G),30,120,400G,0.05,1
NAMKEEN FAMILY,Moong Dal (30P*400G),30,120,400G,0.05,1
NAMKEEN FAMILY,Navratan Mixture (30P*400G),30,110,400G,0.05,1
NAMKEEN FAMILY,Tasty Nuts (30P*400G),30,120,400G,0.05,1
NAMKEEN FAMILY,Tikha Mitha Mix (30P*400G),30,110,400G,0.05,1
NAMKEEN FAMILY,Aloo Bhujia (12P*1KG),12,300,1KG,0.05,1
NAMKEEN FAMILY,Bhujia (12P*1KG),12,325,1KG,0.05,1
NAMKEEN FAMILY,Bombay Mix (12P*1KG),12,300,1KG,0.05,1
NAMKEEN FAMILY,Khatta Meetha (12P*1KG),12,300,1KG,0.05,1
NAMKEEN FAMILY,Malai Sev (12P*1KG),12,325,1KG,0.05,1
NAMKEEN FAMILY,Navratan Mixture (12P*1KG),12,300,1KG,0.05,1
NAMKEEN FAMILY,Tasty Nuts (12P*1KG),12,325,1KG,0.05,1
RUSK,Rusk Rs10(24P*60G),24,10,60G,0.05,24
RUSK,Rusk Rs20(24P*120G),24,20,120G,0.05,24
RUSK,Rusk Rs50(20P*268G),20,50,268G,0.05,1
COOKIES,Ajwain Cookies (15P*300G),15,85,300G,0.05,1
COOKIES,Jeera Cookies (15P*300G),15,85,300G,0.05,1
COOKIES,Atta Cookies (15P*300G),15,85,300G,0.05,1
COOKIES,Coconut Cookies (15P*300G),15,85,300G,0.05,1
COOKIES,Jam Cookies (15P*300G),15,85,300G,0.05,1
COOKIES,Tutti Frutti Cookies (15P*300G),15,85,300G,0.05,1
COOKIES,Kaju Cookies (15P*300G),15,100,300G,0.05,1
COOKIES,Badam Cookies (15P*300G),15,100,300G,0.05,1
COOKIES,Ajwain Cookies (30P*200G),30,55,200G,0.05,1
COOKIES,Jeera Cookies (30P*200G),30,55,200G,0.05,1
COOKIES,Atta Cookies (30P*200G),30,55,200G,0.05,1
COOKIES,Coconut Cookies (30P*200G),30,55,200G,0.05,1
COOKIES,Jam Cookies (30P*200G),30,55,200G,0.05,1
COOKIES,Tutti Frutti Cookies (30P*200G),30,55,200G,0.05,1
COOKIES,Choco Vanilla DonutCake(6B*10P*45G),60,20,45G,0.05,10
COOKIES,Strawberry Vanilla DonutCake(6B*10P*45G),60,20,45G,0.05,10
SWEETS,Rasgulla (12P*1KG),12,230,1KG,0.05,1
SWEETS,Gulab Jamun (12P*1KG),12,250,1KG,0.05,1
SWEETS,Soan Papdi (48P*200G),48,75,200G,0.05,1
SWEETS,Soan Papdi (24P*450G),24,170,450G,0.05,1
SWEETS,Soan Papdi (12P*900G),12,340,900G,0.05,1
